{
    "frontend": {
        "requests_rate": 11.373201086437303,
        "requests_duration": 0.038968862847142446,
        "active_requests": 0.6320848339262901
    },
    "adservice": {
        "requests_rate": 6.440751016194189,
        "requests_duration": 0.00015490549054905078,
        "active_requests": 4.451039888229235e-67
    },
    "recommendationservice": {
        "requests_rate": 7.11891432821823,
        "requests_duration": 0.0050069224546064,
        "active_requests": 0.0007352530327667116
    },
    "cartservice": {
        "requests_rate": 10.665946364490456,
        "requests_duration": 0.0007801189642381206,
        "active_requests": 8.940544377427301e-08
    },
    "checkoutservice": {
        "requests_rate": 0.34898556587550333,
        "requests_duration": 0.019780739705149524,
        "active_requests": 3.410905282231513e-13
    },
    "paymentservice": {
        "requests_rate": 0.34815241973711736,
        "requests_duration": 0.0002491638795986624,
        "active_requests": 0.0
    },
    "shippingservice": {
        "requests_rate": 2.817175580787211,
        "requests_duration": 0.00012231587239098965,
        "active_requests": 1.1591355866450943e-69
    },
    "emailservice": {
        "requests_rate": 0.34709277047094206,
        "requests_duration": 0.0003493582466010856,
        "active_requests": 0.0
    },
    "currencyservice": {
        "requests_rate": 34.926300548440345,
        "requests_duration": 0.00018081556613537572,
        "active_requests": 0.0
    },
    "productcatalogservice": {
        "requests_rate": 52.9718849846714,
        "requests_duration": 8.352271952510213e-05,
        "active_requests": 3.36311517483075e-44
    }
}