{
    "frontend": {
        "requests_rate": 2.6996718086970897,
        "requests_duration": 0.032305303567588914,
        "active_requests": 0.023598672473546096
    },
    "adservice": {
        "requests_rate": 1.505376425644715,
        "requests_duration": 0.00025285714285714305,
        "active_requests": 0.0
    },
    "recommendationservice": {
        "requests_rate": 1.6838071567853259,
        "requests_duration": 0.003577317988618891,
        "active_requests": 0.0
    },
    "cartservice": {
        "requests_rate": 2.5039951815007813,
        "requests_duration": 0.000912261980563379,
        "active_requests": 2.5242793260070604e-29
    },
    "checkoutservice": {
        "requests_rate": 0.08243725461219541,
        "requests_duration": 0.022130160165217398,
        "active_requests": 0.0
    },
    "paymentservice": {
        "requests_rate": 0.08243225321554033,
        "requests_duration": 0.0003043478260869566,
        "active_requests": 0.0
    },
    "shippingservice": {
        "requests_rate": 0.6831541795419818,
        "requests_duration": 8.364904616998954e-05,
        "active_requests": 0.0
    },
    "emailservice": {
        "requests_rate": 0.08167457965628007,
        "requests_duration": 0.00029548009236653644,
        "active_requests": 0.0
    },
    "currencyservice": {
        "requests_rate": 8.228853462935916,
        "requests_duration": 0.0002167356084108927,
        "active_requests": 0.0
    },
    "productcatalogservice": {
        "requests_rate": 12.521736563034882,
        "requests_duration": 6.517889676033237e-05,
        "active_requests": 0.0
    }
}