{
    "checkoutservice": 0.0007768085308330237,
    "recommendationservice": 0.0010890177362889474,
    "frontend": 0.0027293068999231502
}