{
    "checkoutservice": 0.0005086384072209036,
    "recommendationservice": 0.0004331904648836431,
    "frontend": 0.00048268710165844103
}