{
    "checkoutservice": 0.00028223621434178846,
    "recommendationservice": 0.0002915686702447425,
    "frontend": 0.0009242801936309126
}